Feature,Importance
POLICYHOLDER_AGE,0.8109584210092581
CLAIM_AMOUNT_PAID,0.1491483768502197
PREMIUM_AMOUNT_PAID,0.025181750912731487
WARRANTY,0.0068306009619343985
VEHICLE_BRAND,0.002643005609285486
VEHICLE_MODEL,0.0020574155738052663
POLICYHOLDER_GENDER,0.0008831901577592877
CLAIM_PROVINCE,0.0008468330402363519
CLAIM_MONTH,0.0005849132705395424
CLAIM_REGION,0.0005503278252432496
CLAIM_YEAR,0.00031516478898727985
